ID,Attempt,Scale_Factor,Length_mm,Width_mm
T_Image_1_Copy_1,1,0.0262,82.15,22.51
T_Image_1_Copy_2,2,0.02639,82.77,22.61
T_Image_1_Copy_3,3,0.02608,81.8,22.29
T_Image_1_Copy_4,4,0.02614,82.01,22.3
T_Image_1_Copy_5,5,0.02611,81.98,22.35
T_Image_1_Copy_6,6,0.026316,82.55,22.26
T_Image_1_Copy_7,7,0.02614,82.04,22.38
T_Image_1_Copy_8,8,0.02608,81.8,22.16
T_Image_1_Copy_9,9,0.02618,82.17,22.59
T_Image_1_Copy_10,10,0.026144,82.05,22.17
